/net02 X,/net02 Y
0,0
1.5e-11,0
4.5e-11,0
1.05e-10,0
2.25e-10,0
4.65e-10,0
7.649999999999999e-10,0
1.065e-09,0
1.365e-09,0
1.665e-09,0
1.8325e-09,0
2e-09,0
2.120144127384571e-09,0.06674673743587282
2.261585129605973e-09,0.1453250720033182
2.400273538304042e-09,0.2223741879466899
2.45545026156496e-09,0.2530279230916445
2.483038623195419e-09,0.2683547906641217
2.538215346456337e-09,0.2990085258090762
2.560737121398752e-09,0.3115206229993069
2.57199800886996e-09,0.3177766715944223
2.594519783812376e-09,0.3302887687846532
2.619292015544444e-09,0.3440511197469133
2.64050376976553e-09,0.3558354276475166
2.660686031888228e-09,0.3670477954934598
2.682055619276811e-09,0.3789197884871169
2.701703988604451e-09,0.3898355492246949
2.725079201383632e-09,0.402821778546462
2.75339984265997e-09,0.4185554681444278
2.784176825806478e-09,0.4356537921147099
2.81289547710288e-09,0.4516085983904886
2.842817606891018e-09,0.4682320038283434
2.867139585824191e-09,0.4817442143467727
2.895104265130504e-09,0.4972801472947243
2.921090929981856e-09,0.5117171833232534
2.973064259684561e-09,0.5405912553803117
3.015890532229342e-09,0.5643836290163008
3.059187524506088e-09,0.5884375136144936
3.070300109813151e-09,0.5946111721184174
3.092525280427277e-09,0.606958489126265
3.099684254192638e-09,0.6109356967736878
3.11400220172336e-09,0.6188901120685332
3.124927069161161e-09,0.6249594828673118
3.135313259469622e-09,0.6307295885942346
3.147649716046215e-09,0.6375831755812303
3.157684697106807e-09,0.6431581650593373
3.160409149076884e-09,0.6446717494871577
3.165858053017037e-09,0.6476989183427982
3.176755860897343e-09,0.6537532560540795
3.184473711923411e-09,0.6580409510685618
3.195005775382811e-09,0.663892097434895
3.202561376917881e-09,0.6680896538432671
3.210983694765008e-09,0.672768719313893
3.218019528719486e-09,0.67667751595527
3.224396214354787e-09,0.680220119085993
3.231792182647617e-09,0.6843289903597871
3.239450017289909e-09,0.6885833429388384
3.246950576671369e-09,0.692750320372983
3.254159774186144e-09,0.6967554301034133
3.261467768605254e-09,0.7008154270029191
3.267074194806614e-09,0.7039301082258969
3.271528878231172e-09,0.7064049323506512
3.275483799290219e-09,0.708602110716788
3.279521450285835e-09,0.7108452501587974
3.282944038260584e-09,0.7127466879225466
3.28637645647291e-09,0.7146535869293947
3.289553096581522e-09,0.7164183869897345
3.29192825146671e-09,0.7177379174815058
3.294779346932001e-09,0.7193218594066675
3.298096996795038e-09,0.7211649982194654
3.302129547271583e-09,0.7234053040397683
3.305053033735533e-09,0.725029463186407
3.307772050615189e-09,0.7265400281195492
3.310486922532142e-09,0.7280482902956346
3.313380909621771e-09,0.729656060900984
3.315831359819615e-09,0.7310174221220084
3.318484376317912e-09,0.7324913201766179
3.322077758527402e-09,0.7344876436263347
3.324817841878597e-09,0.7360099121547758
3.327786229055019e-09,0.7376590161416769
3.330762439682425e-09,0.7393124664902359
3.333407541206182e-09,0.7407819673367675
3.335932447044209e-09,0.7421846928023381
3.338072524935869e-09,0.7433736249643716
3.340638034999327e-09,0.7447989083329594
3.34345379339021e-09,0.7463632185501166
3.346189695449737e-09,0.7478831641387427
3.349080148825364e-09,0.7494889715696464
3.351618240562214e-09,0.7508990225345631
3.354233821513713e-09,0.7523521230631737
3.357088987291139e-09,0.753938326272855
3.359734590279723e-09,0.7554081057109572
3.361815584382704e-09,0.7565642135459467
3.363800636498862e-09,0.7576670202771453
3.365051950252838e-09,0.7583621945849102
3.366762987691713e-09,0.7593127709398406
3.368170822656594e-09,0.7600949014758854
3.369653633269276e-09,0.7609186851495975
3.371483068905985e-09,0.7619350382811027
3.373298924886905e-09,0.7629438471593913
3.375603272659183e-09,0.7642240403662125
3.378180334244505e-09,0.7656557412469474
3.381100974100474e-09,0.7672783189447079
3.384379985267054e-09,0.7690999918150297
3.388450689826756e-09,0.7713614943481977
3.393796828818951e-09,0.774331571566084
3.40142869203491e-09,0.7785714955749499
3.412784787177065e-09,0.7848804373205913
3.42632679021013e-09,0.7924037723389613
3.440397543418148e-09,0.8002208574545268
3.462979408577969e-09,0.8127663380988716
3.482591948432108e-09,0.8236621935733934
3.507619657634343e-09,0.8375664764635238
3.535635452702412e-09,0.8531308070568956
3.580815994854606e-09,0.8782311082525589
3.595739216431091e-09,0.8865217869061619
3.603200827219334e-09,0.8906671262329632
3.618124048795819e-09,0.8989578048865661
3.639195740306874e-09,0.9106643001704856
3.643274961377565e-09,0.9129305340986471
3.651433403518946e-09,0.91746300195497
3.653649415835618e-09,0.9186941199086767
3.658081440468961e-09,0.9211563558160897
3.663776302796686e-09,0.9243201682203809
3.668704403144358e-09,0.9270580017468653
3.67432472197277e-09,0.9301804010959834
3.679596781246584e-09,0.9331093229147688
3.684456241798331e-09,0.9358090232212948
3.688906391816373e-09,0.9382813287868738
3.694715720064797e-09,0.9415087333693317
3.699519274673768e-09,0.9441773748187597
3.705435220705289e-09,0.9474640115029385
3.709719693723788e-09,0.9498442742909936
3.713942716722356e-09,0.9521903981790866
3.718587063012168e-09,0.9547705905623158
3.722081250203741e-09,0.9567118056687448
3.725229433792922e-09,0.9584607965516232
3.72751859937041e-09,0.9597325552057836
3.729984383474559e-09,0.9611024352636437
3.732073239138514e-09,0.9622629106325078
3.734990397873211e-09,0.9638835543740059
3.737484898767697e-09,0.9652693882042759
3.741200242511548e-09,0.9673334680619708
3.743842954305176e-09,0.9688016412806536
3.746292688311185e-09,0.9701626046173251
3.748682262232509e-09,0.9714901456847271
3.751634128208001e-09,0.9731300712266671
3.754819075395708e-09,0.9748994863309487
3.758391178797697e-09,0.9768839882209427
3.761033275683356e-09,0.9783518198240867
3.76311579114348e-09,0.9795087728574887
3.765189935198391e-09,0.9806610751102171
3.767338352044608e-09,0.9818546400247822
3.770203326934578e-09,0.983446292741432
3.77251381882509e-09,0.984729899347272
3.775535386865139e-09,0.9864085482584105
3.779426437242396e-09,0.988570242912442
3.783361262445901e-09,0.9907562569143894
3.787030552363214e-09,0.9927947513128965
3.790913980647958e-09,0.9949522114710877
3.794482263588711e-09,0.9969345908826174
3.798309200713543e-09,0.9990606670630794
3.801914005408088e-09,1.001063336337827
3.806137452820405e-09,1.003409696011336
3.809521012438142e-09,1.005289451354523
3.812439037072546e-09,1.006910576151414
3.815351348785513e-09,1.008528527103063
3.818398775101923e-09,1.01022154172329
3.822071132304185e-09,1.012261740168992
3.825434571553283e-09,1.014130317529602
3.829161527641951e-09,1.016200848689973
3.831894556342779e-09,1.017719197968211
3.833616067796039e-09,1.018675593220022
3.835694049186382e-09,1.019830027325768
3.837490066379902e-09,1.020827814655501
3.83981139562577e-09,1.022117442014317
3.841858805415751e-09,1.023254891897639
3.844100253504223e-09,1.02450014083568
3.846759216627948e-09,1.025977342571082
3.850461024213609e-09,1.028033902340894
3.854465375833002e-09,1.030258542129446
3.857958548857166e-09,1.032199193809537
3.862045224013849e-09,1.034469568896583
3.865503732269464e-09,1.036390962371925
3.869665577291132e-09,1.038703098495073
3.873241631890142e-09,1.040689795494524
3.877434114187252e-09,1.043018952326251
3.880803846519993e-09,1.044891025844441
3.884349666178299e-09,1.04686092565461
3.887117864752193e-09,1.048398813751218
3.890598814480043e-09,1.050332674711135
3.893999801570827e-09,1.052222111983792
3.897388933728002e-09,1.054104963182223
3.901495365550548e-09,1.056386314194749
3.903946346599574e-09,1.057747970333097
3.906704877627709e-09,1.05928048757095
3.908774934046714e-09,1.060430518914841
3.91168018270279e-09,1.062044545945994
3.91398659422187e-09,1.063325885678817
3.916586700327496e-09,1.064770389070831
3.920036557740225e-09,1.066686976522347
3.924337770948387e-09,1.069076539415771
3.929507326375872e-09,1.071948514653262
3.934192070647534e-09,1.074551150359741
3.938487158319286e-09,1.076937310177381
3.942634509295869e-09,1.079241394053261
3.944509565951543e-09,1.080283092195301
3.946721455674849e-09,1.08151191981936
3.948618642366027e-09,1.082565912425571
3.950708140280122e-09,1.083726744600068
3.95270968903871e-09,1.084838716132617
3.955546860215877e-09,1.086414922342154
3.959861407289942e-09,1.088811892938857
3.966454746528062e-09,1.092474859182256
3.978244713771784e-09,1.099024840984325
3.991887814550179e-09,1.106604341416766
4.005230706202405e-09,1.114017059001336
4.008363301506826e-09,1.115757389726014
4.014628492115667e-09,1.119238051175371
4.027158873333351e-09,1.126199374074084
4.041170599895997e-09,1.133983666608887
4.054644002514174e-09,1.141468890285652
4.071721539555706e-09,1.150956410864281
4.098571174381133e-09,1.165872874656185
4.131887134383537e-09,1.184381741324187
4.140779113066672e-09,1.189321729481485
4.158563070432943e-09,1.199201705796079
4.162792363463757e-09,1.201551313035421
4.171250949525386e-09,1.206250527514104
4.178193323512058e-09,1.210107401951143
4.185040759208115e-09,1.213911532893397
4.191137225539888e-09,1.217298458633271
4.196914487948667e-09,1.220508048860371
4.201922193361783e-09,1.223290107423213
4.206855830317014e-09,1.226031016842786
4.214535460538202e-09,1.230297478076779
4.222852997365461e-09,1.2349183318697
4.234097085945053e-09,1.241165047747252
4.243416734527583e-09,1.246342630293101
4.250630902374621e-09,1.250350501319234
4.256459792272261e-09,1.253588773484589
4.261516431934839e-09,1.256398017741577
4.265839195400331e-09,1.258799553000184
4.268494582139042e-09,1.260274767855023
4.271269196993461e-09,1.261816220551923
4.273859673474026e-09,1.263255374152237
4.277310041353085e-09,1.265172245196158
4.280740569541344e-09,1.267078094189636
4.283985339150753e-09,1.26888074397264
4.28656640551852e-09,1.270314669732511
4.289039757089368e-09,1.271688753938538
4.291941841924129e-09,1.273301023291183
4.294472100874281e-09,1.274706722707934
4.296917985446843e-09,1.276065547470469
4.299791978094202e-09,1.277662210052334
4.302787800654119e-09,1.279326555918955
4.305636318590471e-09,1.280909065883595
4.308591179223802e-09,1.282550655124335
4.311493468030276e-09,1.284163037794598
4.314229325390475e-09,1.285682958550264
4.31663657276861e-09,1.287020318204783
4.318822350768258e-09,1.288234639315699
4.321416678808083e-09,1.289675932671157
4.32438381928897e-09,1.291324344049428
4.326998757265361e-09,1.292777087369645
4.329835040025987e-09,1.294352800014437
4.332374559958321e-09,1.29576364442129
4.335025425651852e-09,1.297236347584362
4.338025917856152e-09,1.298903287697862
4.340577825910372e-09,1.300321014394651
4.342625554494597e-09,1.301458641385887
4.34468284826988e-09,1.302601582372156
4.346194071157631e-09,1.303441150643128
4.347816183560519e-09,1.304342324200289
4.349226102048933e-09,1.305125612249407
4.350868508966692e-09,1.306038060537051
4.352790632819074e-09,1.307105907121708
4.35476632454817e-09,1.308203513637872
4.357211730515636e-09,1.309562072508687
4.359891865786558e-09,1.311051036548088
4.363051573053673e-09,1.312806429474263
4.366611442008231e-09,1.314784134449017
4.37133707880724e-09,1.317409488226245
4.377477980756022e-09,1.320821100420012
4.386975731269165e-09,1.326097628482869
4.399866529468821e-09,1.333259183038234
4.417017465286661e-09,1.342787480714811
4.440079274862788e-09,1.355599597145993
4.469518971318273e-09,1.371954984065707
4.495916338026056e-09,1.386620187792253
4.529084958216214e-09,1.405047199009008
4.576486901872962e-09,1.431381612151646
4.59613052289181e-09,1.442294734939894
4.635417764929504e-09,1.464120980516391
4.650625438597598e-09,1.472569688109777
4.658229275431644e-09,1.476794041906469
4.673436949099738e-09,1.485242749499855
4.677413363082736e-09,1.487451868379298
4.685366191048732e-09,1.491870106138185
4.692845342231215e-09,1.496025190128453
4.701364605112781e-09,1.500758113951545
4.709269833571345e-09,1.505149907539636
4.721777287443364e-09,1.512098493024091
4.730792111343767e-09,1.517106728524315
4.733603348332246e-09,1.518668526851247
4.739225822309202e-09,1.521792123505112
4.741520754141174e-09,1.523067085633986
4.746110617805119e-09,1.525617009891733
4.751418863421044e-09,1.528566035233913
4.758452491135155e-09,1.532473606186197
4.76497223956745e-09,1.536095688648583
4.772699655349316e-09,1.540388697416287
4.774940554241405e-09,1.541633641245225
4.779422352025582e-09,1.544123528903101
4.786135703340402e-09,1.547853168522445
4.793382247215066e-09,1.551879026230592
4.800406643645018e-09,1.555781468691677
4.80230718203788e-09,1.556837323354378
4.806108258823603e-09,1.558949032679779
4.809894608434208e-09,1.561052560241227
4.814295098270922e-09,1.563497276817179
4.818849880899984e-09,1.566027711611102
4.824108798451357e-09,1.568949332472976
4.829062187903014e-09,1.571701215501675
4.834369099991115e-09,1.574649499995064
4.838472890206937e-09,1.576929383448298
4.84208358504474e-09,1.578935325024855
4.845588471751627e-09,1.58088248430646
4.849027219487373e-09,1.582792899715207
4.851602450259682e-09,1.584223583477601
4.85364910925288e-09,1.5853606162516
4.856186359013693e-09,1.586770199452052
4.858287158604398e-09,1.587937310335777
4.860909945569249e-09,1.589394414205138
4.864481176614637e-09,1.591378431452576
4.868597195683384e-09,1.593665108712991
4.871931437042716e-09,1.595517465023731
4.874570393177599e-09,1.596983551765333
4.876871094227216e-09,1.59826171901512
4.877649789425159e-09,1.598694327458422
4.879207179821045e-09,1.599559544345025
4.880601337174289e-09,1.600334076207938
4.882246575015773e-09,1.601248097230985
4.884796786808902e-09,1.602664881560501
4.886765144715326e-09,1.603758413730736
4.889276349626713e-09,1.605153527570396
4.892092820492267e-09,1.606718233606815
4.895648207362065e-09,1.608693448534481
4.898476624126701e-09,1.610264791181501
4.901327372323518e-09,1.611848540179732
4.905162148610281e-09,1.613978971450156
4.908444380391942e-09,1.615802433551079
4.911849536671991e-09,1.617694187039995
4.916147132567165e-09,1.620081740315092
4.918505266955763e-09,1.621391814975424
4.921159095472686e-09,1.622866164151492
4.923211036680842e-09,1.624006131489357
4.926189462455998e-09,1.625660812475554
4.928438508955513e-09,1.626910282753063
4.931144428923503e-09,1.628413571624168
4.934765141162111e-09,1.630425078423395
4.939260273642795e-09,1.632922374245998
4.94441114938333e-09,1.635783971879628
4.949066371767113e-09,1.638370206537285
4.953323308440438e-09,1.640735171355799
4.957478455344197e-09,1.643043586302332
4.959543291757118e-09,1.644190717642843
4.96167678530151e-09,1.645375991834172
4.963838063973609e-09,1.64657670220756
4.965806811230488e-09,1.647670450683605
4.968014600125954e-09,1.648897000069974
4.971346514502647e-09,1.650748063612582
4.97652041701674e-09,1.653622453898189
4.984264619790697e-09,1.65792478877261
4.997710303581885e-09,1.665394613101047
5.011691779825453e-09,1.673162099903029
5.014867885065623e-09,1.674926602814235
5.021220095545963e-09,1.678455608636646
5.032624770075758e-09,1.684791538930976
5.050919327343376e-09,1.694955181857431
5.066238253170414e-09,1.703465696205785
5.080988205594635e-09,1.711660114219242
5.104913679873408e-09,1.724952044374116
5.135610881469491e-09,1.742006045260829
5.176128423682332e-09,1.764515790934629
5.186593563349382e-09,1.770329757416323
5.191826133182907e-09,1.773236740657171
5.202291272849957e-09,1.779050707138865
5.212333911010443e-09,1.784629950561357
5.221995572868805e-09,1.789997540482669
5.232313980560683e-09,1.795729989200379
5.24217662357006e-09,1.8012092353167
5.25091479011473e-09,1.806063772285961
5.253676199421168e-09,1.807597888567315
5.259199018034044e-09,1.810666121130024
5.261354489255163e-09,1.811863605141757
5.2656654316974e-09,1.814258573165223
5.270989186078599e-09,1.81721621448811
5.276885136126074e-09,1.820491742292263
5.282809029142894e-09,1.823782793968275
5.289065204142015e-09,1.827258446745564
5.291359610953774e-09,1.828533117196541
5.295948424577291e-09,1.831082458098495
5.303672482686619e-09,1.835373601492566
5.312116310761679e-09,1.840064617089822
5.31916292284937e-09,1.843979401582983
5.326325498094214e-09,1.847958610052341
5.333390974075574e-09,1.85188387448643
5.337173904245608e-09,1.853985502358671
5.341110076344388e-09,1.856172264635771
5.344444510745629e-09,1.858024728192016
5.347911694575399e-09,1.859950941430777
5.350438422889952e-09,1.861354679383307
5.353047173170636e-09,1.862803985094798
5.355173904857051e-09,1.863985502698361
5.357418568642745e-09,1.865232538134858
5.359444288512303e-09,1.866357938062391
5.362125785333922e-09,1.867847658518846
5.364464543084846e-09,1.86914696838047
5.368031703472037e-09,1.871128724151131
5.37076085039685e-09,1.872644916887139
5.373418631347457e-09,1.874121461859698
5.376096852233611e-09,1.875609362352006
5.379433926420872e-09,1.87746329245604
5.38242242272113e-09,1.879123568178406
5.385290490564475e-09,1.880716939202486
5.388790013350735e-09,1.882661118528186
5.391952412547417e-09,1.884418006970787
5.395125867734298e-09,1.886181037630166
5.398326081138025e-09,1.88795893396557
5.401132297112567e-09,1.889517942840315
5.404278436650278e-09,1.891265798139043
5.406500867685465e-09,1.89250048204748
5.409130987028342e-09,1.89396165946019
5.412046595414436e-09,1.895581441896909
5.416105794947462e-09,1.89783655274859
5.418975825271702e-09,1.899431014039834
5.421671220068596e-09,1.900928455593664
5.424294726775148e-09,1.902385959319527
5.427276912235446e-09,1.904042729019693
5.429566370317785e-09,1.905314650176548
5.431564258406199e-09,1.906424588003444
5.433895773021894e-09,1.907719873901052
5.435673199304525e-09,1.908707332946959
5.437205603181713e-09,1.909558668434285
5.438705681369056e-09,1.910392045205031
5.440822513130995e-09,1.911568062850553
5.442701517707344e-09,1.912611954281858
5.445118886807764e-09,1.913954937115424
5.447700048575199e-09,1.915388915875111
5.450819170750033e-09,1.917121761527796
5.454256303315649e-09,1.919031279619805
5.458833129947851e-09,1.921573961082139
5.464659519997875e-09,1.924810844443264
5.473540550059018e-09,1.929744750032787
5.486003462655464e-09,1.936668590364147
5.50250220484282e-09,1.945834558246011
5.522007613021298e-09,1.956670896122944
5.546035889551693e-09,1.97001993863983
5.581490856080677e-09,1.989717142267043
5.628612960834964e-09,2.015896089352758
5.694044434360154e-09,2.052246907977864
5.710784785749167e-09,2.061547103193981
5.719154961443674e-09,2.066197200802041
5.723340049290927e-09,2.06852224960607
5.731710224985434e-09,2.07317234721413
5.73954742002737e-09,2.07752634445965
5.741765608023294e-09,2.078758671124052
5.74620198401514e-09,2.081223324452856
5.751749744812303e-09,2.084305413784612
5.756220176447366e-09,2.086788986915203
5.761647735634435e-09,2.089804297574687
5.76825763442001e-09,2.093476463566672
5.770082566975051e-09,2.094490314986139
5.773732432085132e-09,2.096518017825073
5.778867727210292e-09,2.099370959561273
5.783108298050629e-09,2.10172683225035
5.788788590347932e-09,2.104882550193295
5.792818648323011e-09,2.107121471290561
5.796405120691324e-09,2.109113955939625
5.800371771352109e-09,2.111317650751172
5.803210481464072e-09,2.112894711924485
5.805643501183842e-09,2.11424638954658
5.808508063326463e-09,2.115837812959146
5.810638824497404e-09,2.117021569165225
5.81278906701611e-09,2.118216148342283
5.815270926030207e-09,2.11959495890567
5.817721185800182e-09,2.120956214333434
5.821208243195251e-09,2.122893468441806
5.823806278189774e-09,2.124336821216541
5.826437169377454e-09,2.125798427431919
5.829160747862876e-09,2.127311526590487
5.832686429194548e-09,2.129270238441416
5.835604308420596e-09,2.130891282455887
5.838595217955898e-09,2.132552898864388
5.842210980664984e-09,2.134561655924991
5.845231655579131e-09,2.136239808655073
5.847447746666591e-09,2.137470970370329
5.849837920852348e-09,2.138798844917971
5.852316823438336e-09,2.140176013021298
5.854863247363583e-09,2.141590692979768
5.857849145111587e-09,2.143249525061993
5.860035202249905e-09,2.144464001249948
5.862683515071987e-09,2.145935286151104
5.865565371031657e-09,2.14753631723981
5.869007124797776e-09,2.149448402665432
5.872283630462508e-09,2.151268683590283
5.874816401057004e-09,2.152675778365003
5.877155453106036e-09,2.153975251725576
5.879726118311587e-09,2.155403399061993
5.882349147179613e-09,2.156860637322008
5.884439197429936e-09,2.158021776349965
5.886428276557067e-09,2.159126820309481
5.887903612174234e-09,2.159946451207907
5.88962937908e-09,2.1609052106
5.891068932292129e-09,2.161704962384516
5.892565419566158e-09,2.162536344203421
5.895155265989445e-09,2.163975147771914
5.897025899979142e-09,2.165014388877301
5.899486793415934e-09,2.166381551897741
5.90210393504115e-09,2.167835519467306
5.903940711997481e-09,2.168855951109712
5.905990200211569e-09,2.169994555673094
5.907730009712275e-09,2.170961116506819
5.910043645830711e-09,2.17224646990595
5.912125093425594e-09,2.173402829680886
5.914358846417549e-09,2.174643803565306
5.917371279415427e-09,2.176317377453015
5.920875280952084e-09,2.17826404497338
5.925322837578347e-09,2.180734909765749
5.928609230175536e-09,2.182560683430854
5.933403101233074e-09,2.185223945129486
5.936821790546513e-09,2.187123216970285
5.941317443222394e-09,2.189620801790219
5.944813804827978e-09,2.191563224904433
5.949273573129512e-09,2.19404087396084
5.952650511005545e-09,2.195916950558636
5.956025906590992e-09,2.197792170328329
5.958857529919291e-09,2.199365294399606
5.96207221009182e-09,2.201151227828789
5.964997826765455e-09,2.202776570425253
5.968280946778179e-09,2.204600525987877
5.970701245886852e-09,2.205945136603807
5.972500018334958e-09,2.206944454630532
5.974590674800035e-09,2.208105930444464
5.976363015712539e-09,2.209090564284744
5.978353964744752e-09,2.210196647080418
5.980300767957922e-09,2.211278204421068
5.983163808093915e-09,2.212868782274398
5.985518477177168e-09,2.214176931765093
5.987963977638251e-09,2.215535543132362
5.991044842362929e-09,2.217247134646072
5.995034946276375e-09,2.21946385904243
6.000328646175034e-09,2.222404803430574
6.00497138230732e-09,2.224984101281845
6.009487593640598e-09,2.22749310757811
6.013610107505786e-09,2.22978339305877
6.014836267922734e-09,2.230464593290408
6.016454200066064e-09,2.231363444481147
6.018067276045645e-09,2.232259597803136
6.020297942582793e-09,2.233498856990441
6.022318658434981e-09,2.234621476908324
6.024382659037322e-09,2.235768143909624
6.02684006407487e-09,2.237133368930483
6.030925926648256e-09,2.239403292582365
6.036255739311899e-09,2.242364299617722
6.046915364639185e-09,2.248286313688436
6.060087120574699e-09,2.255603955874833
6.074061897366484e-09,2.263367720759158
6.077207812555246e-09,2.265115451419581
6.083499642932769e-09,2.268610912740427
6.096083303687817e-09,2.275601835382121
6.111048427366036e-09,2.283915792981132
6.124728181656633e-09,2.291515656475907
6.140359463745142e-09,2.300199702080634
6.166444823923512e-09,2.314691568846396
6.198205945359219e-09,2.332336636310677
6.208419523453239e-09,2.338010846362911
6.228846679641281e-09,2.349359266467378
6.252363401073517e-09,2.36242411170751
6.256687244084707e-09,2.364826246713726
6.265334930107087e-09,2.36963051672616
6.274244245782327e-09,2.374580136545737
6.28218226771545e-09,2.378990148730806
6.289394791376956e-09,2.382997106320532
6.291136140930452e-09,2.38396452273914
6.294618840037445e-09,2.385899355576358
6.301584238251429e-09,2.389769021250794
6.312442879129132e-09,2.395801599516185
6.323738435407824e-09,2.402076908559903
6.329653689933519e-09,2.405363161074177
6.336092486805559e-09,2.408940270447533
6.340660100726609e-09,2.411477833737005
6.345130375464338e-09,2.41396131970241
6.348679213112766e-09,2.415932896173759
6.351762476093498e-09,2.417645820051944
6.35453118037481e-09,2.419183989097117
6.35672000140692e-09,2.420400000781622
6.359730602437846e-09,2.422072556909914
6.362249011841277e-09,2.423471673245154
6.365831743117838e-09,2.42546207950991
6.368563576640845e-09,2.42697976480047
6.371289533382828e-09,2.428494185212683
6.374069101852118e-09,2.430038389917843
6.377361684377792e-09,2.431867602432107
6.380132900026244e-09,2.433407166681247
6.383236690756194e-09,2.435131494864552
6.387170492385185e-09,2.437316940213992
6.39034990127796e-09,2.439083278487756
6.393764433485116e-09,2.440980240825064
6.396922064208138e-09,2.442734480115632
6.400045946425288e-09,2.444469970236271
6.402485310079113e-09,2.445825172266174
6.404694711881268e-09,2.447052617711815
6.407506047903296e-09,2.448614471057387
6.409982328960697e-09,2.449990182755943
6.413472511739013e-09,2.45192917318834
6.416173510691434e-09,2.453429728161908
6.418665689805393e-09,2.454814272114108
6.421096093311074e-09,2.456164496283931
6.424169000004417e-09,2.457871666669121
6.42657842242207e-09,2.459210234678928
6.428617212281197e-09,2.460342895711776
6.430735453571927e-09,2.461519696428849
6.432768958411088e-09,2.462649421339493
6.434310484909035e-09,2.463505824949464
6.435792450447673e-09,2.464329139137597
6.438214566729941e-09,2.465674759294412
6.440074444418791e-09,2.466708024677106
6.442485937136476e-09,2.468047742853598
6.445074314019762e-09,2.469485730010979
6.448200867168161e-09,2.471222703982312
6.451629975154672e-09,2.473127763974818
6.456183208421707e-09,2.47565733801206
6.461967512461228e-09,2.478870840256238
6.470901238364468e-09,2.483834021313593
6.48325082495611e-09,2.490694902753395
6.499616296688034e-09,2.499786831493352
6.521499042064167e-09,2.511943912257871
6.543666245488064e-09,2.524259025271147
6.570865978306946e-09,2.539369987948303
6.605431685163947e-09,2.558573158424415
6.660266182477998e-09,2.589036768043332
6.729968724260149e-09,2.627760402366749
6.750422367293452e-09,2.639123537385252
6.760638248306046e-09,2.644799026836693
6.765746188812344e-09,2.647636771562413
6.775962069824938e-09,2.653312261013855
6.783834578993954e-09,2.657685877218864
6.793304217521738e-09,2.662946787512077
6.802028229479208e-09,2.667793460821782
6.812628294355371e-09,2.673682385752984
6.821465894418155e-09,2.678592163565641
6.829045247799369e-09,2.682802915444094
6.837435867235187e-09,2.687464370686215
6.843724992821004e-09,2.690958329345002
6.852886176062259e-09,2.696047875590144
6.862322506121357e-09,2.701290281178532
6.873549813686421e-09,2.707527674270234
6.882065142615752e-09,2.712258412564307
6.889290699920235e-09,2.716272611066798
6.896143179318444e-09,2.720079544065802
6.901621754795462e-09,2.72312319710859
6.907288277820063e-09,2.726271265455591
6.91134835652955e-09,2.728526864738639
6.914728044959193e-09,2.730404469421774
6.919115265045388e-09,2.732841813914105
6.922992381463574e-09,2.734995767479763
6.927424671413218e-09,2.737458150785121
6.931896104317355e-09,2.739942280176309
6.935938200814902e-09,2.742187889341612
6.940311286837447e-09,2.74461738157636
6.945122092397275e-09,2.74729005133182
6.950604156866625e-09,2.750335642703681
6.954464280537619e-09,2.752480155854233
6.957676781042608e-09,2.754264878357005
6.961043275496975e-09,2.756135153053874
6.964108207121113e-09,2.757837892845063
6.965991913233369e-09,2.75888439624076
6.968192866985954e-09,2.76010714832553
6.969950877115057e-09,2.761083820619477
6.972488798728842e-09,2.762493777071579
6.974533848362652e-09,2.763629915757029
6.976893441565431e-09,2.764940800869684
6.979999841621657e-09,2.766666578678699
6.983536508703585e-09,2.768631393724214
6.987870938173785e-09,2.771039410096547
6.993948460553644e-09,2.774415811418692
6.998374312731547e-09,2.776874618184193
7.002702585947462e-09,2.779279214415256
7.00406580972452e-09,2.780036560958067
7.005671951636283e-09,2.780928862020158
7.007301417848581e-09,2.781834121026989
7.009806290873452e-09,2.783225717151918
7.011766525975766e-09,2.784314736653204
7.01391787156988e-09,2.785509928649934
7.016547857661489e-09,2.786971032034161
7.021342469128284e-09,2.789634705071269
7.027476732897452e-09,2.793042629387473
7.029595757027344e-09,2.794219865015191
7.033833805287129e-09,2.796574336270627
7.042309901806697e-09,2.801283278781499
7.055786945713986e-09,2.80877052539666
7.068698306800422e-09,2.815943503778013
7.071818566767647e-09,2.817676981537582
7.078059086702097e-09,2.821143937056721
7.090540126570996e-09,2.828077848094998
7.103586937448603e-09,2.835326076360335
7.117359604226443e-09,2.842977557903579
7.135469050857472e-09,2.853038361587485
7.162936317886644e-09,2.868297954381469
7.196674846489266e-09,2.887041581382925
7.239913914724775e-09,2.911063285958208
7.254361586057711e-09,2.919089770032062
7.261585421724179e-09,2.923103012068989
7.276033093057115e-09,2.931129496142842
7.280408975208204e-09,2.933560541782336
7.289160739510384e-09,2.938422633061324
7.29939306712585e-09,2.944107259514361
7.308318458637847e-09,2.94906581035436
7.318215325827301e-09,2.954564069904056
7.327506408126435e-09,2.959725782292464
7.336551398895315e-09,2.964750777164064
7.339376420755446e-09,2.966320233753025
7.345026464475708e-09,2.969459146930948
7.352100880823911e-09,2.973389378235507
7.359743239169916e-09,2.977635132872175
7.366466490133493e-09,2.981370272296386
7.374573144817231e-09,2.985873969342906
7.380997037501994e-09,2.989442798612219
7.387425924068465e-09,2.993014402260258
7.393649374347911e-09,2.996471874637729
7.400843502527919e-09,3.00046861251551
7.407677976384013e-09,3.004265542435563
7.414692296756565e-09,3.00816238708698
7.421430827913665e-09,3.011906015507591
7.42692174900843e-09,3.014956527226906
7.431331531693693e-09,3.017406406496496
7.4352622022505e-09,3.019590112361389
7.439402979530832e-09,3.021890544183795
7.44284168184775e-09,3.023800934359861
7.446321232004385e-09,3.025734017780214
7.448700477812747e-09,3.027055821007081
7.451067912986569e-09,3.028371062770316
7.45367921030968e-09,3.029821783505378
7.456921858059359e-09,3.031623254477422
7.460573087694773e-09,3.033651715385985
7.46390188284121e-09,3.035501046022895
7.466655386326767e-09,3.037030770181537
7.469341546499396e-09,3.038523081388554
7.4726014395471e-09,3.040334133081723
7.475062101341964e-09,3.041701167412203
7.477547514863768e-09,3.043081952702094
7.47989979191261e-09,3.044388773284783
7.482323124412084e-09,3.045735069117825
7.484563065467906e-09,3.046979480815504
7.486736667812925e-09,3.048187037673848
7.489218337883761e-09,3.049565743268756
7.491834128346826e-09,3.051018960192682
7.493956506407206e-09,3.052198059115114
7.496095222217613e-09,3.053386234565341
7.498547286764643e-09,3.054748492647025
7.500956616781127e-09,3.056087009322848
7.50454646920258e-09,3.058081371779211
7.507153304336564e-09,3.059529613520314
7.509775950515959e-09,3.060986639175533
7.512471491075161e-09,3.062484161708423
7.515522187963504e-09,3.064178993313058
7.518014809036547e-09,3.065563782798082
7.520212587442608e-09,3.066784770801449
7.522656458848734e-09,3.068142477138186
7.524757666878448e-09,3.069309814932471
7.526444869214697e-09,3.070247149563721
7.528074035426736e-09,3.071152241903742
7.529941131943897e-09,3.07218951774661
7.531887128631174e-09,3.073270627017319
7.534285576743461e-09,3.074603098190812
7.537077129400336e-09,3.076153960777965
7.540712120980957e-09,3.078173400544976
7.544925378126964e-09,3.080514098959425
7.549748115184716e-09,3.083193397324842
7.555407906276362e-09,3.08633772570909
7.563269732496304e-09,3.090705406942392
7.573953316389267e-09,3.096640731327371
7.586685929949723e-09,3.103714405527624
7.602215775662265e-09,3.112342097590148
7.621462359513593e-09,3.123034644174219
7.646357844124745e-09,3.136865468958192
7.679086468501576e-09,3.155048038056431
7.723233889595592e-09,3.179574383108663
7.783817579396033e-09,3.213231988553352
7.79722699763586e-09,3.220681665353256
7.803931706755774e-09,3.224406503753208
7.807284061315732e-09,3.226268922953185
7.813988770435648e-09,3.229993761353138
7.821899990992544e-09,3.234388883884747
7.824439693508247e-09,3.235799829726805
7.829519098539654e-09,3.238621721410919
7.834892112389873e-09,3.241606729105485
7.840063187505076e-09,3.244479548613932
7.84505018353977e-09,3.247250101966539
7.850388803839505e-09,3.250216002133059
7.854911798785638e-09,3.252728777103132
7.856629808597335e-09,3.25368322699852
7.860065828220729e-09,3.255592126789294
7.864324578725056e-09,3.257958099291698
7.868904117953148e-09,3.260502287751749
7.874465761872775e-09,3.26359208992932
7.878555728242199e-09,3.265864293467888
7.882704418013971e-09,3.268169121118873
7.887289773150862e-09,3.270716540639368
7.890944563594904e-09,3.272746979774947
7.894071001311366e-09,3.274483889617426
7.897469910665982e-09,3.276372172592212
7.899935605194028e-09,3.277742002885572
7.902176762661627e-09,3.278987090367571
7.904922275680285e-09,3.280512375377937
7.907383622701615e-09,3.281879790389786
7.910866932565632e-09,3.283814962536463
7.913715627389723e-09,3.285397570772068
7.916242327592757e-09,3.286801293107088
7.918616920955272e-09,3.288120511641818
7.921398469729946e-09,3.289665816516637
7.92388195376547e-09,3.291045529869706
7.926280912410476e-09,3.292378284672487
7.929088097007822e-09,3.293937831671013
7.931738109644332e-09,3.295410060913518
7.933839318215521e-09,3.296577399008624
7.935979782853812e-09,3.297766546029896
7.938344362564119e-09,3.29908020142451
7.940624380934166e-09,3.30034687829676
7.942912535516549e-09,3.301618075286972
7.944888301300497e-09,3.302715722944721
7.947421974010644e-09,3.304123318894802
7.949592093633642e-09,3.305328940907579
7.952723111850948e-09,3.307068395472749
7.955482198658918e-09,3.308601221477177
7.958103539124578e-09,3.310057521735877
7.960680396591161e-09,3.311489109217312
7.963636799808052e-09,3.313131555448918
7.966413088591437e-09,3.314673938106354
7.968733560265844e-09,3.31596308903658
7.97092087194351e-09,3.317178262190839
7.972558301589463e-09,3.31808794532748
7.974476057252527e-09,3.319153365140294
7.976065573370814e-09,3.320036429650453
7.977709563389614e-09,3.320949757438674
7.979645856215485e-09,3.32202547567527
7.981587984537805e-09,3.323104435854336
7.983962810387463e-09,3.32442378354859
7.986770701446324e-09,3.325983723025736
7.990405233012733e-09,3.328002907229296
7.993750741810792e-09,3.329861523228219
7.99745367941672e-09,3.331918710787067
8.000649698225222e-09,3.33369427679179
8.002458545711862e-09,3.334699192062146
8.004630141219479e-09,3.335905634010822
8.006445841986691e-09,3.336914356659273
8.008826454117613e-09,3.33823691895423
8.010842960234276e-09,3.339357200130154
8.013125649193697e-09,3.340625360663165
8.015858937232799e-09,3.342143854018222
8.019827695260787e-09,3.344348719589327
8.02315620479105e-09,3.346197891550584
8.027204830515307e-09,3.34844712806406
8.030907307219652e-09,3.350504059566474
8.03467815639505e-09,3.352598975775028
8.038405983545034e-09,3.354669990858353
8.041622482916438e-09,3.356456934953577
8.045106113735411e-09,3.358392285408562
8.047811646029951e-09,3.359895358905528
8.050328690392352e-09,3.36129371688464
8.052656870303032e-09,3.362587150168352
8.055617011940299e-09,3.364231673300166
8.058227753805582e-09,3.365682085447546
8.061128491223307e-09,3.367293606235171
8.063124040464151e-09,3.368402244702307
8.065313121088861e-09,3.369618400604923
8.067087354001428e-09,3.370604085556349
8.069406100397e-09,3.371892277998334
8.071482142610553e-09,3.373045634783641
8.073744606757966e-09,3.374302559309982
8.076800553331725e-09,3.376000307406514
8.080343834136024e-09,3.377968796742236
8.083933495144319e-09,3.379963052857955
8.088288761954275e-09,3.382382645530154
8.092232820831401e-09,3.384573789350779
8.096485639701438e-09,3.386936466500799
8.10038581251739e-09,3.389103229176328
8.102389042549203e-09,3.390216134749558
8.10403813220162e-09,3.391132295667567
8.105798602731018e-09,3.392110334850566
8.107751641448471e-09,3.393195356360262
8.109806300970684e-09,3.394336833872602
8.111799027260303e-09,3.395443904033502
8.114295950894973e-09,3.396831083830541
8.118077925729443e-09,3.398932180960802
8.123467210439575e-09,3.401926228021986
8.134084785111981e-09,3.407824880617767
8.146730902706046e-09,3.414850501503359
8.16080616399062e-09,3.4226700911059
8.163971315044897e-09,3.424428508358276
8.170301617153451e-09,3.427945342863028
8.182962221370559e-09,3.434979011872533
8.19933484274228e-09,3.444074912634601
8.213053172366878e-09,3.451696206870488
8.228837168065081e-09,3.46046509336949
8.254919636265705e-09,3.474955353480948
8.286896910916548e-09,3.492720506064749
8.297245135773222e-09,3.498469519874013
8.30241924820156e-09,3.501344026778645
8.312767473058235e-09,3.507093040587908
8.329223994263532e-09,3.516235552368629
8.332421201738932e-09,3.518011778743852
8.338815616689732e-09,3.521564231494296
8.345378569865674e-09,3.525210316592042
8.352112621007817e-09,3.528951456115454
8.360214784903964e-09,3.53345265827998
8.366305345566275e-09,3.536836303092375
8.373779489218181e-09,3.540988605121212
8.379236850465561e-09,3.544020472480868
8.387552685622517e-09,3.548640380901399
8.39645350592087e-09,3.55358528106715
8.408002146091403e-09,3.560001192273002
8.416714805387373e-09,3.564841558548541
8.423376582278112e-09,3.568542545710062
8.429353473662793e-09,3.571863040923774
8.433935741524409e-09,3.574408745291339
8.438257885923598e-09,3.576809936624222
8.441944666562725e-09,3.578858148090403
8.444662979517194e-09,3.580368321953997
8.447775279427041e-09,3.582097377459467
8.45113446848011e-09,3.583963593600061
8.454334751227348e-09,3.585741528459638
8.456950762476192e-09,3.58719486804233
8.459408579751405e-09,3.588560322084115
8.462243891238898e-09,3.590135495132722
8.46482768330412e-09,3.591570935168956
8.467258446568077e-09,3.592921359204487
8.470040068116625e-09,3.594466704509236
8.472683852209125e-09,3.595935473449514
8.475000774533346e-09,3.597222652518525
8.477182131286087e-09,3.59843451738116
8.479646142394155e-09,3.599803412441197
8.482329623475431e-09,3.601294235264128
8.48448108613035e-09,3.602489492294639
8.486606196915821e-09,3.603670109397679
8.489159507929958e-09,3.605088615516643
8.491509890770762e-09,3.606394383761534
8.495148203010152e-09,3.608415668338974
8.497756013108577e-09,3.609864451726987
8.500386398772053e-09,3.611325777095586
8.503070820692285e-09,3.612817122606825
8.506137055155832e-09,3.614520586197685
8.508636448468718e-09,3.615909138038177
8.510836578784022e-09,3.617131432657791
8.513267731862682e-09,3.618482073257046
8.515381383930661e-09,3.619656324405923
8.517069839611339e-09,3.620594355339633
8.518698457033369e-09,3.621499142796316
8.520565412887457e-09,3.622536340493032
8.522512422507779e-09,3.623618012504322
8.524907101693279e-09,3.6249483898296
8.52769908757166e-09,3.626499493095367
8.531323717352402e-09,3.628513176306891
8.535548434772669e-09,3.630860241540372
8.540341236479413e-09,3.63352290915523
8.546018616251571e-09,3.636677009028651
8.553830180874675e-09,3.641016767152597
8.564510274224354e-09,3.646950152346863
8.577213867749972e-09,3.65400770430554
8.592725757747321e-09,3.662625420970735
8.611930773137051e-09,3.673294873965028
8.636773219542862e-09,3.687096233079368
8.664618574211161e-09,3.702565874561757
8.697158954951828e-09,3.720643863862127
8.739105411448807e-09,3.743947450804893
8.80513192878239e-09,3.780628849323551
8.820587006750561e-09,3.789215003750312
8.828314545734645e-09,3.793508080963692
8.832178315226686e-09,3.795654619570382
8.839905854210769e-09,3.799947696783761
8.848041000889892e-09,3.804467222716607
8.860156834716951e-09,3.811198241509417
8.869147454789028e-09,3.816193030438349
8.88268601476576e-09,3.823714452647645
8.892995938824056e-09,3.829442188235587
8.896476258050651e-09,3.831375698917028
8.903436896503841e-09,3.835242720279912
8.905903151139506e-09,3.83661286174417
8.910835660410837e-09,3.839353144672687
8.918386505337704e-09,3.843548058520947
8.925087000337399e-09,3.847270555743
8.932969513696994e-09,3.851649729831664
8.941165478072748e-09,3.856203043373749
8.943846923826016e-09,3.857692735458898
8.949209815332552e-09,3.860672119629196
8.956656366525172e-09,3.864809092513985
8.965372744639259e-09,3.869651524799589
8.973000671155189e-09,3.873889261752883
8.981524089257397e-09,3.878624494031887
8.990222479715417e-09,3.883456933175232
8.997725783498256e-09,3.887625435276809
9.004058276474414e-09,3.89114348693023
9.00850657283501e-09,3.893614762686117
9.012387008373148e-09,3.895770560207305
9.015949102907028e-09,3.897749501615016
9.018812856323321e-09,3.899340475735179
9.02090079475723e-09,3.900500441531795
9.023466721434429e-09,3.901925956352461
9.02559382255535e-09,3.903107679197417
9.028300038368532e-09,3.904611132426963
9.031928188594858e-09,3.906626771441589
9.035238390616147e-09,3.908465772564526
9.038860503128226e-09,3.910478057293459
9.042691894569377e-09,3.912606608094099
9.046188457045504e-09,3.914549142803059
9.049302532431002e-09,3.91627918468389
9.05177526044849e-09,3.917652922471384
9.053739881902791e-09,3.918744378834884
9.05586586645174e-09,3.919925481362078
9.057520707465452e-09,3.920844837480807
9.059298284272293e-09,3.921832380151275
9.061369118054058e-09,3.922982843363366
9.063425902528094e-09,3.924125501404497
9.066015425234324e-09,3.92556412513018
9.068613228728248e-09,3.927007349293471
9.071282230508052e-09,3.928490128060029
9.074372615410041e-09,3.930207008561134
9.076272460553029e-09,3.931262478085016
9.078302580975637e-09,3.932390322764244
9.080059080903846e-09,3.933366156057692
9.082405544777712e-09,3.93466974709873
9.084374703747046e-09,3.935763724303915
9.08687167544173e-09,3.937150930800962
9.090008614684848e-09,3.938893674824916
9.093789421987628e-09,3.94099412332646
9.097447043257505e-09,3.943026135143059
9.10242107089515e-09,3.945789483830639
9.107629732100941e-09,3.948683184500524
9.111686128209632e-09,3.95093673789424
9.115939583101518e-09,3.953299768389733
9.118994007383191e-09,3.95499667076844
9.1211482577178e-09,3.95619347650989
9.123133747978409e-09,3.957296526654672
9.125124755787028e-09,3.958402642103905
9.127803544617091e-09,3.959890858120606
9.132250941889891e-09,3.962361634383273
9.138421606070079e-09,3.965789781150044
9.147412414782088e-09,3.970784674878938
9.160357954637341e-09,3.97797664146519
9.172172459398442e-09,3.984540255221356
9.184479159165227e-09,3.991377310647349
9.197602875402932e-09,3.998668264112741
9.217202531309669e-09,4.009556961838705
9.230931854333638e-09,4.017184363518688
9.248925723024333e-09,4.027180957235741
9.27572823289436e-09,4.042071240496867
9.310938029390065e-09,4.061632238550036
9.322112184387715e-09,4.067840102437621
9.344460494383017e-09,4.080255830212788
9.365048273344208e-09,4.091693485191226
9.368806949628844e-09,4.093781638682692
9.376324302198117e-09,4.097957945665621
9.38571796283909e-09,4.103176646021717
9.396009442323369e-09,4.108894134624094
9.406034762571572e-09,4.114463756984207
9.416101310813423e-09,4.120056283785235
9.425818165596358e-09,4.125454536442422
9.433663725403784e-09,4.129813180779881
9.440818553969828e-09,4.133788085538793
9.447752001507748e-09,4.137640000837639
9.457071815250121e-09,4.142817675138956
9.467478364478098e-09,4.148599091376722
9.477200962496143e-09,4.15400053472008
9.48502871819813e-09,4.158349287887851
9.492685067634204e-09,4.162602815352336
9.497414860272106e-09,4.165230477928948
9.500806020499648e-09,4.167114455833138
9.504347735237502e-09,4.169082075131946
9.507772686545512e-09,4.170984825858619
9.511188765725674e-09,4.172882647625375
9.513740750947799e-09,4.174300417193222
9.516344693661765e-09,4.175747052034314
9.518470182680184e-09,4.176927879266769
9.520716676080602e-09,4.178175931155891
9.522744706725988e-09,4.179302614847772
9.525428840214281e-09,4.180793800119045
9.527773897112397e-09,4.182096609506887
9.531460660064485e-09,4.184144811146936
9.53418873495451e-09,4.185660408308062
9.536859737880795e-09,4.187144298822664
9.539544708743835e-09,4.188635949302131
9.542957634995376e-09,4.190532019441876
9.545735454009408e-09,4.192075252227449
9.548451083186373e-09,4.193583935103542
9.551921745659567e-09,4.195512080921982
9.554633079412572e-09,4.197018377451429
9.557152596771262e-09,4.198418109317368
9.559542125327151e-09,4.199745625181751
9.562330194953281e-09,4.201294552751823
9.564727728039936e-09,4.202626515577743
9.56677139560657e-09,4.203761886448095
9.569277222749869e-09,4.205154012638816
9.571466468985655e-09,4.206370260547587
9.574856164979946e-09,4.208253424988859
9.577621308212133e-09,4.209789615673408
9.580266863675657e-09,4.211259368708698
9.582863509521994e-09,4.212701949734441
9.585879205034163e-09,4.214377336130091
9.588584610991122e-09,4.215880339439512
9.590857205108029e-09,4.217142891726684
9.593079087377061e-09,4.218377270765035
9.594618977394851e-09,4.219232765219362
9.596479623919171e-09,4.220266457732873
9.598041359294064e-09,4.221134088496703
9.599718361750496e-09,4.222065756528054
9.60245000747255e-09,4.22358333748475
9.604439656229621e-09,4.224688697905346
9.60701581420818e-09,4.226119896782323
9.609964397326213e-09,4.227757998514564
9.614001610987405e-09,4.230000894993003
9.618366057423847e-09,4.232425587457693
9.623576536043229e-09,4.235320297801794
9.62983776210908e-09,4.238798756727267
9.639240092168783e-09,4.244022273427102
9.650626897448753e-09,4.250348276360419
9.664560327413255e-09,4.258089070785142
9.68141449114085e-09,4.267452495078251
9.697463485268958e-09,4.276368602927199
9.722122850881456e-09,4.290068250489698
9.744444882950761e-09,4.30246937941709
9.772276902728245e-09,4.317931612626803
9.805791574683514e-09,4.336550874824175
9.818195577693578e-09,4.343441987607544
9.843003583713706e-09,4.357224213174281
9.849234062909833e-09,4.360685590505463
9.852349302507897e-09,4.362416279171055
9.858579781704026e-09,4.365877656502238
9.868244204832306e-09,4.371246780462393
9.876543186172935e-09,4.375857325651631
9.883902245248104e-09,4.379945691804503
9.891889840047461e-09,4.384383244470812
9.89354931985531e-09,4.385305177697394
9.896868279471009e-09,4.387149044150561
9.903506198702405e-09,4.390836777056892
9.91063779343636e-09,4.394798774131312
9.916643902116793e-09,4.398135501175996
9.923472933263825e-09,4.401929407368792
9.929071043434111e-09,4.405039468574507
9.933602465702515e-09,4.407556925390287
9.937537400076133e-09,4.409743000042297
9.941253761845986e-09,4.411807645469993
9.944085019968163e-09,4.41338056664898
9.946719767965048e-09,4.414844315536138
9.949367471594441e-09,4.416315261996912
9.951379866320835e-09,4.41743325906713
9.954037671853856e-09,4.418909817696587
9.956249968342634e-09,4.420138871301464
9.959862274325413e-09,4.422145707958563
9.962587466566641e-09,4.423659703648134
9.965239732182038e-09,4.425133184545578
9.967876196960752e-09,4.426597887200418
9.971043816044685e-09,4.428357675580381
9.973908771766123e-09,4.429949317647846
9.97656319518296e-09,4.431423997323868
9.979761071823552e-09,4.43320059545753
9.982707513145836e-09,4.434837507303243
9.985261795386444e-09,4.436256552992469
9.987650139718119e-09,4.43758341095451
9.990331340354255e-09,4.439072966863475
9.992911449853248e-09,4.440506361029582
9.994987678768064e-09,4.441659821537814
9.997095228563674e-09,4.442830682535375
9.999314067032687e-09,4.444063370573715
1.000205260932783e-08,4.445584782959904
1.000444567993797e-08,4.446914266632207
1.000714718925752e-08,4.44841510514307
1.000963677657365e-08,4.449798209207583
1.001239721701713e-08,4.451331787231743
1.00155768180418e-08,4.453098232245443
1.001815897313341e-08,4.454532762851895
1.002037572792218e-08,4.455764293290101
1.002273650765936e-08,4.457075837588534
1.002496954593245e-08,4.458316414406919
1.002667349782491e-08,4.459263054347172
1.002830556384195e-08,4.460169757689973
1.003087607172309e-08,4.461597817623942
1.003284471424301e-08,4.462691507912782
1.003534408065647e-08,4.464080044809152
1.003796812970649e-08,4.465537849836941
1.004081458138203e-08,4.467119211878908
1.004301502792093e-08,4.468341682178298
1.004567231237294e-08,4.469817951318301
1.004836460006582e-08,4.471313666703234
1.00509995710385e-08,4.472777539465835
1.005407901390871e-08,4.474488341060395
1.005598759667401e-08,4.475548664818896
1.005801208981526e-08,4.476673383230702
1.005977363957553e-08,4.477652021986409
1.006212649394626e-08,4.478959163303479
1.006409873838929e-08,4.480054854660716
1.006661144816884e-08,4.481450804538246
1.006975812876404e-08,4.483198960424469
1.007357152125669e-08,4.485317511809271
1.007683370197326e-08,4.487129834429587
1.008056253307272e-08,4.489201407262624
1.008405478864002e-08,4.491141549244456
1.008760564347729e-08,4.493114246376274
1.009130876846617e-08,4.495171538036761
1.009434518270254e-08,4.496858434834742
1.009694619232487e-08,4.498303440180484
1.009949994833118e-08,4.499722193517324
1.010217787542257e-08,4.501209930790319
1.010437784398472e-08,4.502432135547066
1.010725941168946e-08,4.504033006494145
1.010986501297454e-08,4.505480562763634
1.011254986913301e-08,4.506972149518339
1.011567861296596e-08,4.508710340536643
1.011829438359263e-08,4.510163546440349
1.012024811498565e-08,4.511248952769805
1.012229261377925e-08,4.51238478543292
1.012451199759171e-08,4.51361777643984
1.012673457382602e-08,4.514852541014456
1.012981381437368e-08,4.516563230207603
1.013332619021399e-08,4.518514550118883
1.013690603397359e-08,4.520503352207551
1.014121629245334e-08,4.522897940251855
1.014517949617927e-08,4.525099720099595
1.014944114368124e-08,4.527467302045136
1.015334987695304e-08,4.52963882052947
1.015541708480307e-08,4.530787269335041
1.015707292552248e-08,4.531707180845824
1.015885104223628e-08,4.532695023464602
1.016078417737279e-08,4.533768987429329
1.016285389484633e-08,4.534918830470181
1.016483736867636e-08,4.536020760375758
1.01673359633391e-08,4.537408868521725
1.017109574023394e-08,4.5394976334633
1.017648100911447e-08,4.542489449508041
1.018696950085565e-08,4.548316389364254
1.019982044533416e-08,4.555455802963425
1.021393077591339e-08,4.563294875507442
1.021709554669589e-08,4.565053081497714
1.022342508826087e-08,4.568569493478262
1.023608417139084e-08,4.575602317439354
1.025239605533169e-08,4.584664475184274
1.026610683501709e-08,4.592281575009498
1.028189860171043e-08,4.601054778728017
1.030791210370622e-08,4.615506724281232
1.031590936787997e-08,4.619949648822204
1.033190389622746e-08,4.628835497904148
1.033757665640432e-08,4.631987031335735
1.034892217675804e-08,4.638290098198909
1.036091963233941e-08,4.64495535129967
1.036462199864591e-08,4.647012221469953
1.037202673125893e-08,4.651125961810519
1.038043791365569e-08,4.655798840919829
1.038765920571578e-08,4.659810669842102
1.038976881171228e-08,4.660982673173487
1.039398802370527e-08,4.663326679836259
1.040220887555199e-08,4.667893819751108
1.041485140077251e-08,4.674917444873617
1.041951012043037e-08,4.677505622461317
1.042882755974609e-08,4.682681977636717
1.044127035971245e-08,4.689594644284697
1.045141914834514e-08,4.695232860191744
1.045859433497045e-08,4.699219074983581
1.046430524789759e-08,4.702391804387552
1.046887757782379e-08,4.704931987679882
1.047261667520631e-08,4.707009264003506
1.047491766341216e-08,4.708287590784535
1.047726787756205e-08,4.709593265312249
1.047979217930958e-08,4.710995655171987
1.048225744450854e-08,4.712365246949192
1.048567302017183e-08,4.714262788984349
1.048883691534789e-08,4.716020508526604
1.049167499612695e-08,4.717597220070531
1.049447218529835e-08,4.71915121405464
1.049756292638173e-08,4.720868292434292
1.050036659410117e-08,4.722425885611761
1.050307862936968e-08,4.723932571872047
1.050653450554587e-08,4.725852503081041
1.050921879539335e-08,4.727343775218528
1.05117216683444e-08,4.728734260191336
1.051412710486083e-08,4.730070613811571
1.051697349423968e-08,4.731651941244268
1.05193334734713e-08,4.73296304081739
1.052139709438549e-08,4.734109496880831
1.052394040728589e-08,4.735522448492164
1.052614893757319e-08,4.736749409762883
1.052972091296119e-08,4.738733840533998
1.05324283839082e-08,4.740237991060112
1.053507541010075e-08,4.741708561167085
1.053769764259213e-08,4.743165356995627
1.05408513725795e-08,4.744917429210835
1.054346639481477e-08,4.746370219341537
1.054570234032212e-08,4.747612411290067
1.054801105005824e-08,4.748895027810132
1.055042986623536e-08,4.750238814575202
1.055214501580793e-08,4.751191675448849
1.055379236877124e-08,4.752106871539576
1.055607163834347e-08,4.753373132413037
1.055804259523506e-08,4.75446810846392
1.056043402036456e-08,4.75579667798031
1.056325612509869e-08,4.757364513943719
1.056697911487314e-08,4.75943284159619
1.057126759964186e-08,4.761815333134365
1.057611025045084e-08,4.764505694694914
1.05819274954044e-08,4.767737497446891
1.058998663677739e-08,4.772214798209662
1.060081294310785e-08,4.778229412837697
1.061374376541773e-08,4.78541320300985
1.062951968465555e-08,4.794177602586417
1.064915137219582e-08,4.805084095664343
1.067455631223154e-08,4.819197951239744
1.070805275281819e-08,4.837807084898996
1.07526387678601e-08,4.862577093255611
1.079968713935515e-08,4.888715077419527
1.084450740043163e-08,4.913615222462017
1.089451274053806e-08,4.94139596696559
1.094725637026903e-08,4.970697983482795
1.1e-08,5
1.107096596152312e-08,5
1.114960652902233e-08,5
1.123192007137193e-08,5
1.139654715607114e-08,5
1.165814700991437e-08,5
1.195814700991437e-08,5
1.225814700991437e-08,5
1.255814700991437e-08,5
1.285814700991437e-08,5
1.315814700991437e-08,5
1.345814700991437e-08,5
1.375814700991437e-08,5
1.405814700991437e-08,5
1.435814700991437e-08,5
1.465814700991437e-08,5
1.482907350495718e-08,5
1.5e-08,5
